<?xml version="1.0" encoding="utf-8"?>
<SchemaCatalog xmlns="http://schemas.microsoft.com/xsd/catalog">
    <Schema href="%InstallRoot%/xml/schemas/AppxContentGroupMapSchema.xsd" targetNamespace="http://schemas.microsoft.com/appx/2016/contentgroupmap" />
    <Schema href="%InstallRoot%/xml/schemas/AppxManifestTypes.xsd" targetNamespace="http://schemas.microsoft.com/appx/manifest/types" />
    <Schema href="%InstallRoot%/xml/schemas/FoundationManifestSchema.xsd" targetNamespace="http://schemas.microsoft.com/appx/manifest/foundation/windows10" />
    <Schema href="%InstallRoot%/xml/schemas/SourceContentGroupMapSchema.xsd" targetNamespace="http://schemas.microsoft.com/appx/2016/sourcecontentgroupmap" />   
    <Schema href="%InstallRoot%/xml/schemas/UapManifestSchema.xsd" targetNamespace="http://schemas.microsoft.com/appx/manifest/uap/windows10" />
    <Schema href="%InstallRoot%/xml/schemas/UapManifestSchema_v2.xsd" targetNamespace="http://schemas.microsoft.com/appx/manifest/uap/windows10/2" />
    <Schema href="%InstallRoot%/xml/schemas/UapManifestSchema_v3.xsd" targetNamespace="http://schemas.microsoft.com/appx/manifest/uap/windows10/3" />
    <Schema href="%InstallRoot%/xml/schemas/UapManifestSchema_v4.xsd" targetNamespace="http://schemas.microsoft.com/appx/manifest/uap/windows10/4" />
    <Schema href="%InstallRoot%/xml/schemas/ComManifestSchema.xsd" targetNamespace="http://schemas.microsoft.com/appx/manifest/com/windows10" />
    <Schema href="%InstallRoot%/xml/schemas/DesktopManifestSchema.xsd" targetNamespace="http://schemas.microsoft.com/appx/manifest/desktop/windows10" />
    <Schema href="%InstallRoot%/xml/schemas/DesktopManifestSchema_2.xsd" targetNamespace="http://schemas.microsoft.com/appx/manifest/desktop/windows10/2" />
    <Association extension="appxmanifest" schema="%InstallRoot%/xml/schemas/UapManifestSchema.xsd" />
</SchemaCatalog>
