﻿<?xml version="1.0" encoding="utf-8" ?>
<SnippetCollection>
    <Language Lang="JavaScript" Guid="{71d61d27-9011-4b17-9469-d20f798fb5c0}">
        <SnippetDir>
            <OnOff>On</OnOff>
            <Installed>true</Installed>
            <Locale>1033</Locale>
            <DirPath>%InstallRoot%JavaScript\Snippets\%LCID%\JavaScript\</DirPath>
            <LocalizedName>JavaScript</LocalizedName>
        </SnippetDir>
        <SnippetDir>
            <OnOff>On</OnOff>
            <Installed>true</Installed>
            <Locale>1033</Locale>
            <DirPath>%InstallRoot%JavaScript\Snippets\%LCID%\ASP.NET AJAX\</DirPath>
            <LocalizedName>ASP.NET AJAX</LocalizedName>
        </SnippetDir>
        <SnippetDir>
            <OnOff>On</OnOff>
            <Installed>true</Installed>
            <Locale>1033</Locale>
            <DirPath>%InstallRoot%JavaScript\Snippets\%LCID%\XML Comments\</DirPath>
            <LocalizedName>XML Comments</LocalizedName>
        </SnippetDir>
    </Language>
</SnippetCollection>